location,gt_index,ext_index,gt_policy,gt_category,gt_role,produced_policy,produced_category,produced_role,grade,similarity,statement_match,role_match,category_match,reasoning
Austin_US,84,0,Austin will achieve net-zero community-wide greenhouse gas emissions by 2040.,Mitigation,individual,Austin will achieve net-zero community-wide greenhouse gas emissions by 2040.,Mitigation,individual,1,1.0,True,True,True,"The extracted policy exactly matches the ground-truth policy in scope (community-wide greenhouse gas emissions), commitment (will achieve), target (net-zero), and deadline (by 2040). With no source excerpt provided, there is no evidence of contradiction or hallucination relative to the document."
Austin_US,1,2,Ensure benefits of building decarbonization programs flow to low-income communities and communities of color through comprehensive energy poverty mitigation and partnerships.,Mitigation,sub,"Support existing community-led organizations, businesses, and programs that help achieve the Climate Equity Plan.",Mitigation,individual,0,0.5852,False,False,True,"The extracted policy is directionally related to equity and community support, which overlaps with the ground-truth’s focus on ensuring decarbonization benefits reach low-income communities and communities of color. However, it omits the core specifics: building decarbonization, comprehensive energy poverty mitigation, and partnerships aimed at those target communities. It also uses softer, more generic language ('support existing community-led organizations') rather than the stronger, more specific commitment in the ground-truth. With no source excerpt provided, this is best scored as an imprecise partial match rather than a full match or contradiction."
Austin_US,15,4,"Prioritize partnerships within local materials markets to decarbonize high-impact building materials (e.g., glass, steel, aluminum, concrete, drywall, insulation, carpet).",Mitigation,sub,"Prioritize local greenhouse gas reduction, carbon removal, carbon dioxide removal, and carbon offset projects when needed.",Mitigation,individual,-1,0.5915,False,False,True,"The extracted policy does not match the ground-truth policy in scope or mechanism. The ground truth is about prioritizing partnerships within local materials markets to decarbonize specific high-impact building materials (glass, steel, aluminum, concrete, drywall, insulation, carpet). The extracted policy instead refers broadly to prioritizing local GHG reduction, carbon removal, and offset projects, which is a different climate strategy and omits the materials-market partnership mechanism and the building-material focus entirely."
Austin_US,0,5,Achieve net-zero carbon for all new buildings and reduce emissions by 25% for existing buildings while lowering all natural gas-related emissions by 30% by 2030.,Mitigation,parent,SB.G1: Achieve net-zero carbon for all new buildings and reduce emissions by 25% for existing buildings while lowering all natural gas-related emissions by 30%.,Mitigation,parent,0,0.812,False,True,True,"The extracted policy matches the core commitments and quantified targets in the ground-truth: net-zero carbon for all new buildings, 25% emissions reduction for existing buildings, and 30% reduction in natural gas-related emissions. However, it omits the deadline 'by 2030,' which is a key specificity element. With no source excerpt provided to verify wording against the document, this is best scored as directionally correct but missing an important detail."
Austin_US,2,7,"Enhance resident and building owner understanding of energy consumption via outreach, culturally relevant communications, expanded benchmarking for existing buildings, and better access to energy and water data.",Resource Efficiency,sub,SB.G1-S2: Enhance understanding of energy consumption.,Resource Efficiency,sub,0,0.5617,False,True,True,"The extracted policy matches the general intent of the ground-truth ('Enhance understanding of energy consumption') but is too vague. It omits key mechanisms and scope explicitly included in the ground-truth: outreach, culturally relevant communications, expanded benchmarking for existing buildings, improved access to energy and water data, and the target audiences of residents and building owners. With no source excerpt provided, there is no basis to verify stronger specificity or commitment. Directionally correct but underspecified."
Austin_US,3,8,"Achieve net-zero carbon building milestones through new building energy codes/amendments and incentives/education for existing building decarbonization, in collaboration with utilities and with equity focus.",Mitigation,sub,"SB.G1-S3: Achieve energy-efficient, net-zero carbon buildings.",Mitigation,sub,0,0.6925,False,True,True,"The extracted policy matches the general intent of the ground-truth—net-zero carbon buildings—but it is much less specific. It omits the key delivery mechanisms in the ground-truth: new building energy codes/amendments, incentives and education for existing building decarbonization, collaboration with utilities, and the equity focus. It also does not capture the milestone framing. Because it is directionally correct but too vague on scope and mechanisms, the appropriate grade is 0."
Austin_US,4,9,Create equitable workforce development and training opportunities for emerging building-related technologies by partnering with local unions and education/advocacy organizations serving low-income communities and communities of color.,Mitigation,sub,SB.G1-S4: Ensure equitable workforce development for emerging technologies.,Mitigation,sub,0,0.6316,False,True,True,"The extracted policy is directionally aligned with the ground truth on the general intent of equitable workforce development for emerging technologies. However, it omits important specificity: it drops the building-related scope, the training component, and the delivery mechanism of partnering with local unions and education/advocacy organizations serving low-income communities and communities of color. With no source excerpt provided to verify stronger or weaker language, this is best graded as an imprecise match rather than a contradiction."
Austin_US,5,10,Reduce community-wide greenhouse gas emissions from refrigerant leakage by 25% by 2030.,Mitigation,parent,SB.G2: Reduce community-wide greenhouse gas emissions from refrigerant leakage by 25%.,Mitigation,parent,0,0.8192,False,True,True,"The extracted policy matches the core scope and quantified target: reducing community-wide greenhouse gas emissions from refrigerant leakage by 25%. However, it omits the deadline 'by 2030,' which is a key specificity element in the ground-truth policy. With no source excerpt provided to verify stronger wording, this is directionally correct but incomplete rather than a full match."
Austin_US,6,11,Develop a refrigerant destruction program that places a price on older high ozone-depleting and high-GWP refrigerants to increase capture and safe destruction.,Mitigation,sub,SB.G2-S1: Capture and destroy old refrigerants.,Mitigation,sub,0,0.648,False,True,True,"The extracted policy matches the general intent of the ground-truth—capturing and destroying old refrigerants—but it omits key specificity and mechanism. The ground-truth requires developing a refrigerant destruction program that places a price on older high ozone-depleting and high-GWP refrigerants to drive capture and safe destruction. The extraction lacks the pricing mechanism, the focus on high ozone-depleting/high-GWP refrigerants, and the programmatic structure. With no source excerpt provided, this is best scored as directionally correct but underspecified."
Austin_US,7,12,Move forward with building code amendments and other local actions to allow/encourage low and no-GWP refrigerants as soon as feasible.,Mitigation,sub,SB.G2-S2: Improve building codes to encourage cleaner refrigerants.,Mitigation,sub,0,0.7323,False,True,True,"The extracted policy matches the general intent of the ground-truth: improving building codes to encourage cleaner/low-GWP refrigerants. However, it is less specific and weaker in commitment. It omits key details from the ground-truth such as 'move forward' with actual building code amendments, inclusion of 'other local actions,' the allowance of both low- and no-GWP refrigerants, and the timing qualifier 'as soon as feasible.' Because it is directionally correct but vague and incomplete, the appropriate grade is 0."
Austin_US,9,14,"Create an awareness, education, and training campaign for HVAC service providers and related stakeholders; lead by example with refrigerant leak detection/repair at City-owned facilities.",Mitigation,sub,SB.G2-S4: Awareness and training for HVAC service providers.,Mitigation,sub,0,0.6302,False,True,True,"The extracted policy matches the general topic of the ground-truth by identifying awareness and training for HVAC service providers. However, it is incomplete and less specific: it omits education, related stakeholders, and the second core commitment to lead by example through refrigerant leak detection/repair at City-owned facilities. With no source excerpt provided, this can only be graded against the ground-truth, and the extraction is directionally correct but missing key scope and mechanism details."
Austin_US,10,15,"Reduce the volume/use of refrigerants, particularly high-GWP refrigerants, by expanding and prioritizing codes and incentives favoring passive design, reduction, and efficiency.",Mitigation,sub,SB.G2-S5: Reduce the volume of refrigerants.,Mitigation,sub,0,0.6624,False,True,True,"The extracted policy matches the general direction of the ground-truth by aiming to reduce refrigerant use/volume. However, it is substantially less specific: it omits the emphasis on high-GWP refrigerants and leaves out the delivery mechanism of expanding and prioritizing codes and incentives favoring passive design, reduction, and efficiency. With no source excerpt provided to verify stronger wording, this is directionally correct but too vague for a full match."
Austin_US,11,16,Reduce the embodied carbon footprint of building materials used in local construction by 40% from a 2020 baseline by 2030 (with project embodied carbon not exceeding 500 kg CO2e/m2).,Mitigation,parent,SB.G3: Reduce the embodied carbon footprint of building materials used in local construction by 40%.,Mitigation,parent,0,0.7776,False,True,True,"The extracted policy matches the core direction and the main quantified target of a 40% reduction in embodied carbon footprint of building materials used in local construction. However, it omits key specificity from the ground truth: the 2020 baseline, the 2030 deadline, and the project-level cap of 500 kg CO2e/m2. Because the central commitment is captured but important target details and delivery specificity are missing, this is directionally correct but incomplete."
Austin_US,13,18,"Integrate lower-carbon building materials and deconstruction practices into City incentive programs (e.g., expedited permitting and Austin Energy Green Building) and transition voluntary guidance into planning/development agreements over time.",Mitigation,sub,SB.G3-S2: Incentivize lower-carbon materials.,Mitigation,sub,0,0.5795,False,True,True,"The extracted policy matches the general direction of the ground-truth—promoting lower-carbon materials—but it is too vague to earn a full match. It omits key specifics: integration into City incentive programs, inclusion of deconstruction practices, examples of mechanisms such as expedited permitting and Austin Energy Green Building, and the progression from voluntary guidance into planning/development agreements over time. With no source excerpt provided, there is no basis to verify more detail, so this is directionally correct but underspecified."
Austin_US,16,21,"Equitably achieve a community-wide water demand of approximately 152,000 acre-feet per year by 2030 by implementing strategies in the Water Forward Plan.",Resource Efficiency,parent,"SB.G4: Equitably achieve a community-wide water demand of approximately 152,000 acre-feet per year.",Resource Efficiency,parent,0,0.7709,False,True,True,"The extracted policy matches the core commitment and target level ('equitably achieve a community-wide water demand of approximately 152,000 acre-feet per year') but omits two key specifics from the ground truth: the deadline ('by 2030') and the delivery mechanism ('by implementing strategies in the Water Forward Plan'). Because those important details are missing, it is directionally correct but not fully specific."
Austin_US,17,22,"Enhance community engagement and partnerships to advance Water Forward equity strategies (e.g., My ATX Water, incentives, ordinances) and implement targeted outreach to improve participation.",Resource Efficiency,sub,"SB.G4-S1: Engage residents in water efficiency technological transitions, and conservation programs.",Resource Efficiency,sub,0,0.5649,False,True,True,"The extracted policy is directionally aligned with the ground-truth on community engagement around water-related programs, but it is noticeably less specific. It omits the equity focus, partnerships, named strategies/examples (My ATX Water, incentives, ordinances), and the targeted outreach/participation improvement mechanism. Commitment strength is also softened to a generic engagement statement. With no source excerpt provided, this is a partial but vague match rather than a full one."
Austin_US,18,23,Evaluate water conservation and customer assistance program criteria to remove structural barriers and expand enrollment in the Customer Assistance Program and other low-income-serving programs.,Resource Efficiency,sub,"SB.G4-S2: Evaluate water conservation, customer assistance, and workforce development program participation criteria.",Resource Efficiency,sub,0,0.7022,False,True,True,"The extracted policy partially matches the ground-truth by capturing the commitment to evaluate participation/criteria for water conservation and customer assistance programs. However, it omits key specificity and scope: the ground-truth focuses on removing structural barriers and expanding enrollment in the Customer Assistance Program and other low-income-serving programs, while the extraction instead adds 'workforce development' and does not mention barrier removal, enrollment expansion, or the low-income-serving focus. With no source excerpt provided, this is directionally correct but materially incomplete and somewhat imprecise."
Austin_US,19,24,"Assess and pursue water conservation and energy management optimization at the water-energy nexus, including evaluating Austin Water facility energy use and developing methods to quantify emissions reductions from water-demand reduction.",Mitigation,sub,SB.G4-S3: Reduce emissions at the water-energy nexus.,Resource Efficiency,sub,0,0.5915,False,True,False,"The extracted policy is directionally aligned with the ground-truth because both concern emissions reduction at the water-energy nexus. However, it is much less specific and omits the key mechanisms in the ground-truth: assessing and pursuing water conservation and energy management optimization, evaluating Austin Water facility energy use, and developing methods to quantify emissions reductions from reduced water demand. It also weakens the commitment by collapsing a multi-part assessment and implementation-oriented policy into a generic goal to 'reduce emissions.'"
Austin_US,20,25,Locate 80% of new non-residential development within the city's Imagine Austin activity centers and corridors by 2030.,Mitigation,parent,TLU.G1: 80% of new non-residential development is located within the city's activity centers and corridors.,Resource Efficiency,parent,0,0.7202,False,True,False,"The extracted policy captures the core target and scope: 80% of new non-residential development within the city's activity centers and corridors, which aligns closely with the ground-truth. However, it omits two specificity elements present in the ground-truth: the deadline ('by 2030') and the qualifier 'Imagine Austin' before activity centers and corridors. Without the source excerpt, commitment strength cannot be verified, so this is directionally correct but incomplete rather than a full match."
Austin_US,22,27,Work with medium and large employers to locate places of business in growth centers and along corridors.,Mitigation,sub,TLU.G1-S2: Work with employers on location and amenities.,Resource Efficiency,sub,0,0.5958,False,True,False,"The extracted policy is directionally related to the ground-truth because it involves working with employers on business location. However, it is less specific and omits key scope details: the ground-truth targets medium and large employers specifically, and it specifies locating places of business in growth centers and along corridors. The added reference to 'amenities' is not supported by the ground-truth provided. Without the source excerpt, this is best graded as an imprecise partial match rather than a full match or contradiction."
Austin_US,23,28,"Create community mobility hubs, including park-and-ride facilities, adjacent to transit stops with first/last-mile options.",Mitigation,sub,TLU.G1-S3: Create mobility hubs.,Resource Efficiency,sub,0,0.5789,False,True,False,"The extracted policy matches the general intent of the ground-truth ('Create mobility hubs') but omits key specificity. It does not mention that the hubs are 'community mobility hubs,' their placement adjacent to transit stops, the inclusion of park-and-ride facilities, or the first/last-mile options. With no source excerpt provided to verify wording, this is directionally correct but too vague to count as a full match."
Austin_US,24,29,"Phase out free employee parking at City facilities and other large employers within 1/2 mile of the transit priority network, replacing it with cash-out, carpool/vanpool, transit passes, telework, or other commuter benefits.",Mitigation,sub,TLU.G1-S4: Phase out free parking.,Resource Efficiency,sub,0,0.5986,False,True,False,"The extracted policy matches the general direction of the ground-truth (phasing out free parking) but is too vague to merit a full match. It omits key scope and mechanism details: employee parking, City facilities and other large employers, the 1/2 mile proximity to the transit priority network, and the required replacement with cash-out, carpool/vanpool, transit passes, telework, or other commuter benefits. With no source excerpt provided, there is no basis to infer those missing specifics."
Austin_US,25,30,"Preserve and produce 135,000 housing units (including 60,000 affordable units) by 2027, with 75% of new housing located within 1/2 mile of Imagine Austin activity centers and corridors.",Mitigation,parent,"TLU.G2: By 2027, preserve and produce 135,000 housing units, including 60,000 affordable housing units, with 75% of new housing located within ½ mile of activity centers and corridors.",Resource Efficiency,parent,1,0.7461,True,True,False,"The extracted policy matches the ground-truth closely on scope, target, deadline, and specificity: it includes preserving and producing 135,000 housing units by 2027, including 60,000 affordable units, and specifies that 75% of new housing be within 1/2 mile of activity centers and corridors. The only minor omission is 'Imagine Austin' before 'activity centers and corridors,' but this does not materially change the policy intent."
Austin_US,26,33,Engage communities vulnerable to displacement for immediate affordable housing assistance and proactively monitor at-risk affordable properties to extend affordability.,Adaptation,sub,TLU.G2-S3: Enhance community engagement for affordable housing and anti-displacement programs.,Resource Efficiency,sub,0,0.686,False,True,False,"The extracted policy is directionally aligned with the ground-truth on community engagement and anti-displacement/affordable housing. However, it is substantially less specific: it omits the focus on communities vulnerable to displacement, the immediate affordable housing assistance commitment, and the proactive monitoring of at-risk affordable properties to extend affordability. With no source excerpt to verify exact wording, this is best scored as a partial but vague match rather than a full match."
Austin_US,27,34,"Ensure 50% of trips in Austin are made by public transit, biking, walking, carpooling, or avoided by working from home by 2030.",Mitigation,parent,"TLU.G3: 50% of trips in Austin are made using public transit, biking, walking, carpooling, or avoided altogether by working from home.",Resource Efficiency,parent,1,0.7903,True,True,False,"The extracted policy closely matches the ground-truth in scope, target, and mechanism: it specifies 50% of trips in Austin and the same modal categories (public transit, biking, walking, carpooling, or avoided by working from home). The only omission is the deadline 'by 2030,' but the core quantified commitment is otherwise captured accurately and specifically enough to count as a match."
Austin_US,28,35,Work with the Austin Transit Partnership to implement Project Connect and expand and improve public transportation services.,Mitigation,sub,TLU.G3-S1: Expand and improve public transportation.,Resource Efficiency,sub,0,0.5874,False,True,False,"The extracted policy matches the general intent of the ground-truth—expanding and improving public transportation—but it omits the specific delivery mechanism and partnership detail: 'Work with the Austin Transit Partnership to implement Project Connect.' Because the source excerpt is not provided, accuracy cannot be further verified, but relative to the ground-truth this is directionally correct yet less specific."
Austin_US,29,36,"Create comprehensive, user-friendly resources connecting community members with free transportation options and expand free transit options to increase access for low-income communities, communities of color, and people with disabilities.",Mitigation,sub,TLU.G3-S2: Promote free transportation options.,Resource Efficiency,sub,0,0.6357,False,True,False,"The extracted policy is directionally aligned with the ground-truth’s focus on free transportation options, but it is overly vague and misses key specifics. It omits the commitment to create comprehensive, user-friendly resources connecting community members to those options, the expansion aspect, and the intended beneficiary groups (low-income communities, communities of color, and people with disabilities). With no source excerpt provided, there is no basis to confirm stronger specificity or commitment. Thus it captures the general intent but not the full scope or mechanism."
Austin_US,30,37,Engage impacted communities to improve transit stops/stations and enforce ADA and accessibility guidelines around transit and public spaces.,Mitigation,sub,TLU.G3-S3: Enhance transit stations and stops.,Resource Efficiency,sub,0,0.568,False,True,False,"The extracted policy is directionally aligned with the ground-truth because it concerns improving transit stations and stops. However, it omits key elements of the reference policy: engaging impacted communities, enforcing ADA/accessibility guidelines, and the broader scope of accessibility in transit and public spaces. With no source excerpt provided to verify wording, this is best scored as a partial but vague match rather than a full match."
Austin_US,32,39,Provide access to free or reduced-price bicycles and bicycle training for communities of color and train police officers on bicycle laws and racial profiling to improve safety and comfort for riders of color.,Mitigation,sub,TLU.G3-S5: Enhance bicycle education and training.,Resource Efficiency,sub,0,0.6044,False,True,False,"The extracted policy is directionally related to bicycle education/training, but it is far too vague compared with the ground truth. It omits the specific beneficiaries (communities/riders of color), the concrete mechanism of providing free or reduced-price bicycles, and the police training on bicycle laws and racial profiling. Commitment and specificity are substantially softened."
Austin_US,33,40,"Update the City's Sidewalk Plan and Urban Trails Plan emphasizing equity and meaningful community engagement, and build priority segments while addressing ADA barriers and gaps.",Mitigation,sub,"TLU.G3-S6: Improve sidewalks, urban trails, and crossings.",Resource Efficiency,sub,0,0.6783,False,True,False,"The extracted policy is directionally consistent with the ground-truth because it addresses sidewalks and urban trails, and broadly implies infrastructure improvement. However, it omits key specifics and mechanisms: updating the Sidewalk Plan and Urban Trails Plan, emphasizing equity and meaningful community engagement, building priority segments, and addressing ADA barriers and gaps. It is therefore too vague to be a full match, but not contradictory."
Austin_US,34,41,"Actively promote remote work, telework, and flexible commute policies, including a City telework policy encouraging at least 85% of eligible City employees to participate and supporting a goal of 15% residents working from home by 2039.",Mitigation,sub,TLU.G3-S7: Promote remote and flexible work policies.,Resource Efficiency,sub,0,0.6451,False,True,False,"The extracted policy matches the general intent of promoting remote and flexible work, but it omits key specifics from the ground-truth: the City telework policy, the target of at least 85% of eligible City employees participating, and the goal of 15% of residents working from home by 2039. With no source excerpt provided, it cannot be verified further, but relative to the ground-truth it is directionally correct yet too vague."
Austin_US,35,42,"Electrify 40% of total vehicle miles traveled (VMT) in Austin by 2030 and ensure EV ownership is culturally, geographically, and economically diverse (about 460,000 EVs).",Mitigation,parent,"TE.G1: 40% of total vehicle miles traveled in Austin are electrified, and electric vehicle ownership is culturally, geographically, and economically diverse.",Mitigation,parent,1,0.7912,True,True,True,"The extracted policy matches the ground-truth closely in target and scope: it states that 40% of total vehicle miles traveled in Austin are electrified and includes the equity condition that EV ownership be culturally, geographically, and economically diverse. The main omission is the explicit deadline of 2030 and the approximate quantification of 460,000 EVs, but the core commitment is otherwise captured accurately without contradiction."
Austin_US,36,43,"Complete an Electric Vehicle Community Needs Assessment to inform an EV adoption growth plan, using community partners and hiring residents from the communities served.",Mitigation,sub,TE.G1-S1: Conduct an EV Community Needs Assessment.,Mitigation,sub,0,0.6932,False,True,True,"The extracted policy matches the general action in the ground truth: conducting an EV Community Needs Assessment. However, it omits important specificity and delivery details present in the ground truth, namely that the assessment is intended to inform an EV adoption growth plan, that it should use community partners, and that residents from the communities served should be hired. With no source excerpt provided, this is directionally correct but incomplete rather than a full match."
Austin_US,37,44,"Create inclusive and easily accessible incentives for buying or leasing EVs, prioritizing low-income communities and communities of color and areas with limited transit access.",Mitigation,sub,TE.G1-S2: Create equitable incentives for buying and leasing EVs.,Mitigation,sub,0,0.7449,False,True,True,"The extracted policy matches the general intent of the ground-truth—creating incentives for buying or leasing EVs with an equity focus—but it omits key specificity. It does not include the accessibility element ('inclusive and easily accessible') or the priority populations and places ('low-income communities,' 'communities of color,' and 'areas with limited transit access'). With no source excerpt provided, there is no basis to confirm stronger alignment. Directionally correct but materially less specific than the ground truth."
Austin_US,38,45,Partner with mobility authorities to reduce or eliminate toll rates for low-income communities and communities of color who drive EVs on toll roads from the Eastern Crescent to central Austin.,Mitigation,sub,TE.G1-S3: Reduce tolls for EVs in the Eastern Crescent.,Mitigation,sub,0,0.648,False,True,True,"The extracted policy is directionally aligned with the ground-truth because it concerns reducing tolls for EVs in the Eastern Crescent. However, it omits key specificity and scope: it does not mention partnering with mobility authorities, the eligible populations (low-income communities and communities of color), the possibility of eliminating tolls, or the route/context of travel to central Austin. With no source excerpt provided to verify wording, this is best graded as an imprecise but related match rather than a full match."
Austin_US,39,46,"Create an electric bike and car-sharing program centered on low-income communities and communities of color, with income thresholds and actions to address displacement.",Mitigation,sub,TE.G1-S4: Launch an e-bike and electric car-sharing program.,Mitigation,sub,0,0.6392,False,True,True,"The extracted policy matches the general idea of launching an e-bike/electric car-sharing program, but it omits key scope and specificity from the ground truth: it does not mention centering low-income communities and communities of color, income thresholds, or anti-displacement actions. With no source excerpt provided to verify exact wording, this is directionally correct but materially incomplete."
Austin_US,40,47,"Encourage public sector fleets in the five-county MSA to commit to buying 100% electric vehicles when available, cost-competitive, and operationally suitable, leveraging purchasing collaboration and considering early retirement of older vehicles.",Mitigation,sub,TE.G1-S5: Electrify public sector fleet vehicles.,Mitigation,sub,0,0.6051,False,True,True,"The extracted policy is directionally consistent with the ground-truth because both concern electrifying public sector fleet vehicles. However, it is too vague to earn a full match: it omits the specific scope (public sector fleets in the five-county MSA), the quantified commitment (100% electric vehicles), the conditional criteria (when available, cost-competitive, and operationally suitable), and the delivery mechanisms (purchasing collaboration and early retirement of older vehicles). With no source excerpt provided, there is also no basis to verify stronger specificity from the document text."
Austin_US,41,49,"Provide an equitably distributed mix of Level 1, Level 2, and DC fast charging infrastructure sufficient to accommodate 40% of VMT by 2030 (potentially 37,000+ charging ports).",Mitigation,parent,"TE.G2: Austin has a compelling and equitably distributed mix of level 1, 2, and DC fast-charging stations to accommodate 40% of total vehicle miles traveled in the city.",Mitigation,parent,0,0.6367,False,True,True,"The extracted policy matches the core scope and target of the ground-truth: an equitably distributed mix of Level 1, Level 2, and DC fast charging sufficient to accommodate 40% of vehicle miles traveled. However, it omits key specificity from the ground-truth, notably the deadline ('by 2030') and the quantified scale indicator ('potentially 37,000+ charging ports'). It also slightly softens the framing by saying 'Austin has a compelling...mix' rather than the more directive 'Provide'. Directionally correct but missing important details."
Austin_US,42,50,"Incentivize installation of EV charging infrastructure by multiple actors and prioritize systematically excluded areas, including installing chargers on publicly owned land to fill gaps.",Mitigation,sub,"TE.G2-S1: Create a network with more low-cost, accessible charging stations.",Mitigation,sub,0,0.5958,False,True,True,"The extracted policy is directionally aligned with the ground-truth on expanding EV charging infrastructure ('create a network with more low-cost, accessible charging stations'). However, it is much less specific and misses key elements of the ground-truth: incentivizing installation by multiple actors, prioritizing systematically excluded areas, and using publicly owned land to fill charging gaps. With no source excerpt provided, there is no basis to confirm stronger commitment or additional details. This is a partial but vague match."
Austin_US,43,51,"Incentivize internet-connected smart charging to support grid reliability, efficiency, reduced emissions, accessibility, and lower costs by 2030.",Mitigation,sub,TE.G2-S2: Incentivize internet-connected smart charging.,Mitigation,sub,0,0.6878,False,True,True,"The extracted policy matches the core action of the ground-truth—'Incentivize internet-connected smart charging'—but omits the key specificity in the reference policy: the intended outcomes (grid reliability, efficiency, reduced emissions, accessibility, and lower costs) and the deadline ('by 2030'). With no source excerpt provided, there is no basis to confirm stronger commitment language. This is directionally correct but incomplete."
Austin_US,44,52,"Adopt new energy and building codes to address future EV charging needs and lower barriers, including potentially requiring chargers at commercial and multifamily properties and EV-ready single-family homes.",Mitigation,sub,TE.G2-S3: Adopt new energy and building codes.,Mitigation,sub,0,0.6026,False,True,True,"The extracted policy matches the general action of adopting new energy and building codes, but it omits the core scope and specificity in the ground truth: addressing future EV charging needs, lowering barriers, and the concrete mechanisms (potentially requiring chargers at commercial and multifamily properties and EV-ready single-family homes). Commitment is only partially captured and is too vague to be a full match."
Austin_US,46,59,"Ensure all Austinites can access a community-driven food system that addresses food insecurity, prioritizes regenerative agriculture, supports dietary/health agency, promotes plant-based foods, and minimizes food waste by 2030.",Nature-Based Solutions,parent,"FPC.G1: Ensure all Austinites can access a food system that is community-driven, addresses food insecurity, prioritizes regenerative agriculture, supports dietary and health agency, promotes plant-based foods, and minimizes food waste.",Resource Efficiency,parent,1,0.7865,True,True,False,"The extracted policy closely matches the ground-truth in scope and specificity: it includes community-driven access, food insecurity, regenerative agriculture, dietary/health agency, plant-based foods, and minimizing food waste. The only omission is the deadline 'by 2030.' Because the core commitment and mechanisms are otherwise captured accurately and without contradiction, this is a strong match, though slightly less specific on timing."
Austin_US,47,60,"Apply a purchasing framework and build a regional food system network to increase institutional and corporate procurement of pro-climate, pro-health food options.",Mitigation,sub,FPC.G1-S1: Support institutional food purchasing.,Resource Efficiency,sub,0,0.5644,False,True,False,"The extracted policy is directionally aligned with the ground-truth because both concern institutional food purchasing. However, it is much less specific: it omits the purchasing framework, the regional food system network, the goal of increasing institutional and corporate procurement, and the focus on pro-climate, pro-health food options. With no source excerpt provided, there is no basis to confirm stronger equivalence. This is therefore a vague partial match rather than a full match."
Austin_US,48,61,"Implement community-driven programs to incentivize and promote affordable, culturally relevant pro-climate, pro-health food choices in prepared and retail options, focusing on minimizing displacement.",Mitigation,sub,FPC.G1-S2: Promote and fund community-driven food retail programs.,Resource Efficiency,sub,0,0.6034,False,True,False,"The extracted policy is directionally aligned with the ground-truth on supporting community-driven food retail efforts, but it is substantially less specific. It omits key elements of the expert policy: incentivizing and promoting affordable, culturally relevant pro-climate, pro-health food choices, applying to both prepared and retail options, and the explicit focus on minimizing displacement. It also softens the mechanism by reducing it to a generic 'promote and fund' statement. With no source excerpt provided, there is no basis to verify stronger accuracy, so this is a partial but vague match."
Austin_US,49,62,"Develop community-driven programs/tools (e.g., labeling, apps, education, incentives) to equitably make pro-climate, pro-health food choices affordable and culturally relevant.",Mitigation,sub,"FPC.G1-S3: Incentivize pro-climate, pro-health food choices.",Mitigation,sub,0,0.6277,False,True,True,"The extracted policy is directionally aligned with the ground-truth because it focuses on incentivizing pro-climate, pro-health food choices. However, it is substantially less specific: it omits the community-driven nature, equity and affordability goals, cultural relevance, and the broader set of mechanisms/tools (e.g., labeling, apps, education, incentives). With no source excerpt provided, there is no basis to confirm stronger specificity or commitment. This is a partial but vague match."
Austin_US,50,63,"Conduct a food waste root cause analysis and implement changes to increase food waste reduction practices by 50%, covering single-family, multifamily, and commercial properties.",Mitigation,sub,FPC.G1-S4: Conduct a food waste root cause analysis.,Resource Efficiency,sub,0,0.6907,False,True,False,"The extracted policy captures the general action of conducting a food waste root cause analysis, which aligns directionally with the ground-truth. However, it omits the core implementation commitment to make changes, the quantified target of increasing food waste reduction practices by 50%, and the scope covering single-family, multifamily, and commercial properties. With no source excerpt provided to verify wording, this is best graded as incomplete/vague rather than contradictory."
Austin_US,51,64,"Reduce greenhouse gas emissions from institutional, commercial, and government purchasing by at least 50% by 2030.",Mitigation,parent,"FPC.G2: Reduce greenhouse gas emissions from institutional, commercial, and government purchasing by at least 50%.",Mitigation,parent,0,0.8073,False,True,True,"The extracted policy matches the core scope and target level of the ground-truth: reducing greenhouse gas emissions from institutional, commercial, and government purchasing by at least 50%. However, it omits the deadline 'by 2030,' which is a key specificity element. With no source excerpt provided, there is no basis to assess stronger contradiction, so this is directionally correct but incomplete."
Austin_US,52,65,Develop a methodology to measure lifecycle GHG emissions and other impacts from non-residential purchasing and establish a baseline.,Mitigation,sub,FPC.G2-S1: Measure institutional lifecycle emissions.,Mitigation,sub,0,0.5845,False,True,True,"The extracted policy is directionally aligned with the ground-truth because both concern measuring lifecycle emissions in the institutional/non-residential procurement context. However, it is significantly less specific: it omits developing a methodology, excludes 'other impacts,' and does not mention establishing a baseline. With no source excerpt provided, there is no basis to verify stronger accuracy, so this is a partial but incomplete match."
Austin_US,53,66,Strengthen the City of Austin's Sustainable Procurement Program and adopt/develop sustainability guidelines for high-impact products; educate vendors and staff and integrate procurement with sustainability initiatives.,Mitigation,sub,FPC.G2-S2: Strengthen the City's sustainable purchasing program.,Mitigation,sub,0,0.6716,False,True,True,"The extracted policy matches the general intent of the ground-truth by identifying the commitment to strengthen the City's sustainable procurement/purchasing program. However, it omits key specifics present in the ground-truth: adopting/developing sustainability guidelines for high-impact products, educating vendors and staff, and integrating procurement with broader sustainability initiatives. With no source excerpt provided to verify wording, this is directionally correct but too vague and incomplete for a full match."
Austin_US,55,68,"Expand the City's Circular Economy Program to reduce consumption, enable internal reuse/sharing, provide incubation spaces and assistance, and expand youth internships and related entrepreneurship programs.",Resource Efficiency,sub,FPC.G2-S4: Expand the City's Circular Economy Program.,Resource Efficiency,sub,0,0.7443,False,True,True,"The extracted policy matches the general action in the ground truth: expanding the City's Circular Economy Program. However, it omits all of the specific scope and mechanisms in the reference policy, including reducing consumption, enabling internal reuse/sharing, providing incubation spaces and assistance, and expanding youth internships and entrepreneurship programs. With no source excerpt provided, this is directionally correct but substantially less specific than the ground truth."
Austin_US,56,69,"Aggressively pursue waste reduction, organics composting, and recycling to achieve the waste reduction goals in the 2023 Austin Resource Recovery Comprehensive Plan.",Mitigation,parent,"FPC.G3: Aggressively pursue waste reduction, organics composting, and recycling to achieve the waste reduction goals in the 2023 Austin Resource Recovery Comprehensive Plan.",Resource Efficiency,parent,1,0.9012,True,True,False,"The extracted policy matches the ground-truth exactly in scope, commitment, and specificity. It includes the same action ('aggressively pursue'), the same mechanisms (waste reduction, organics composting, and recycling), and the same reference target/framework (the waste reduction goals in the 2023 Austin Resource Recovery Comprehensive Plan). No material details are missing or altered."
Austin_US,57,70,"Implement consumer awareness and education campaigns to promote waste reduction, reuse, repair, and hierarchy-based waste management, targeting low-income communities, youth, and communities of color and delivering in many languages.",Mitigation,sub,FPC.G3-S1: Promote waste reduction and reuse.,Resource Efficiency,sub,0,0.6084,False,True,False,"The extracted policy is directionally aligned with the ground truth because it captures the general intent to promote waste reduction and reuse. However, it omits key specifics and delivery details present in the ground truth: consumer awareness and education campaigns, inclusion of repair and hierarchy-based waste management, targeting low-income communities, youth, and communities of color, and multilingual delivery. With no source excerpt provided to verify wording, the extraction is best graded as a vague partial match rather than a full match."
Austin_US,59,72,"Offer a workforce development program for the circular economy (repair/reuse skills, job placement, entrepreneurship), prioritizing low-income communities, youth, and communities of color and publishing demographic participation data.",Resource Efficiency,sub,FPC.G3-S3: Create a workforce development program for the circular economy.,Resource Efficiency,sub,0,0.7089,False,True,True,"The extracted policy matches the general intent of the ground-truth by identifying a workforce development program for the circular economy. However, it omits key specifics present in the ground-truth: the program focus on repair/reuse skills, job placement, and entrepreneurship; prioritization of low-income communities, youth, and communities of color; and the requirement to publish demographic participation data. Without these delivery mechanisms and equity/accountability details, the match is directionally correct but too vague for a full match."
Austin_US,60,73,"Offer financial incentives (e.g., point-of-sale rebates or sales tax holiday) to encourage consumers to choose lower-impact products, repair services, and rentals, developed with low-income communities and communities of color.",Mitigation,sub,FPC.G3-S4: Offer incentives for products that have lower negative environmental and social impact.,Resource Efficiency,sub,0,0.5847,False,True,False,"The extracted policy matches the general intent of offering incentives for lower-impact products, but it is less specific than the ground truth. It omits key mechanisms (e.g., point-of-sale rebates or sales tax holidays), additional covered categories (repair services and rentals), and the equity/development detail involving low-income communities and communities of color. With no source excerpt provided, there is no basis to confirm stronger specificity or commitment, so this is directionally correct but vague."
Austin_US,61,74,"Review and modify bulk item collection policies/programs so viable items are resold, repaired, or recycled, including exploring additional reuse opportunities and considering undocumented individuals in informal recycling.",Mitigation,sub,FPC.G3-S5: Retool the bulk pick-up collection program.,Resource Efficiency,sub,0,0.5504,False,True,False,"The extracted policy is directionally related to the ground-truth because both concern the bulk item/bulk pick-up collection program. However, it is too vague and omits the substantive commitments in the ground-truth: reviewing and modifying policies/programs so viable items are resold, repaired, or recycled, exploring additional reuse opportunities, and considering undocumented individuals in informal recycling. Without those mechanisms or scope details, it does not fully match."
Austin_US,62,75,"Legally protect an additional 20,000 acres of carbon pools on natural lands and manage all new and existing natural areas (~70,000 acres total) for resilience by 2030.",Nature-Based Solutions,parent,"NS.G1: Legally protect an additional 20,000 acres of carbon pools on natural lands and manage all new and existing natural areas (approx. 70,000 acres total), focusing on resilience.",Nature-Based Solutions,parent,1,0.861,True,True,True,"The extracted policy closely matches the ground-truth in scope, target, and mechanism: it includes legally protecting an additional 20,000 acres of carbon pools on natural lands and managing all new and existing natural areas (~70,000 acres total) for resilience. The only omission is the explicit deadline 'by 2030,' but otherwise the commitment is highly specific and accurate, so this is a strong match."
Austin_US,64,77,Actively manage protected natural lands for climate resilience to avoid catastrophic loss of carbon pools through restoration and holistic management practices.,Nature-Based Solutions,sub,NS.G1-S2: Manage natural lands for resilience.,Adaptation,sub,0,0.6659,False,True,False,"The extracted policy is directionally aligned with the ground truth because both concern managing natural lands for resilience. However, it is significantly less specific: it omits that the lands are protected natural lands, the climate-resilience purpose, the aim of avoiding catastrophic loss of carbon pools, and the mechanisms of restoration and holistic management practices. With no source excerpt provided, there is no basis to confirm stronger specificity or commitment. This is therefore a vague but generally correct match."
Austin_US,65,78,"Increase community access to and positive perceptions of natural lands, including accessibility, safety, community ambassadors/hosts, inclusive signage, and ensuring all Austinites are within walking distance of a park.",Adaptation,sub,NS.G1-S3: Increase community access and positive perceptions of public land.,Nature-Based Solutions,sub,0,0.7146,False,True,False,"The extracted policy matches the general intent of the ground-truth—improving community access and positive perceptions of natural/public lands—but it is too vague and omits key specifics. It does not capture the detailed mechanisms in the ground-truth such as accessibility, safety, community ambassadors/hosts, inclusive signage, or the walking-distance-to-a-park commitment. With no source excerpt provided, this is best graded as directionally correct but lacking specificity and commitment detail."
Austin_US,67,80,"Protect 500,000 acres of farmland from development in the five-county region through legal protections or regenerative agriculture programs by 2030.",Nature-Based Solutions,parent,"NS.G2: Protect 500,000 acres of farmland from development in the five-county region through legal protections and regenerative agriculture programs.",Nature-Based Solutions,parent,0,0.8014,False,True,True,"The extracted policy matches the core target (protect 500,000 acres of farmland) and geography (the five-county region), but it misses a key specificity element from the ground truth: the deadline of 2030. It also changes the delivery mechanism from 'through legal protections or regenerative agriculture programs' to 'through legal protections and regenerative agriculture programs,' which is a stronger and more specific requirement than the ground-truth policy. With no source excerpt provided to validate wording, this is directionally correct but imprecise rather than an exact match."
Austin_US,69,82,Reevaluate and update Agricultural Tax Exemption requirements to encourage regenerative practices and pursue broader appraiser coordination to address soil loss and desertification drivers.,Adaptation,sub,NS.G2-S2: Reform agricultural tax appraisals.,Nature-Based Solutions,sub,0,0.6043,False,True,False,"The extracted policy is directionally aligned with the ground-truth because both concern agricultural tax appraisal/exemption policy. However, it is much less specific: it omits the key mechanisms and scope in the ground truth, namely reevaluating and updating exemption requirements to encourage regenerative practices and coordinating more broadly with appraisers to address soil loss and desertification drivers. With no source excerpt provided, there is no basis to confirm stronger specificity or commitment. This is therefore a vague but related match rather than a complete one."
Austin_US,73,86,Create and support agriculture-specific job creation and youth programs for aspiring farmers of color to strengthen workforce development in regenerative agriculture.,Nature-Based Solutions,sub,NS.G2-S6: Strengthen workforce development for farmers.,Nature-Based Solutions,sub,0,0.5675,False,True,True,"The extracted policy is directionally aligned with the ground-truth on workforce development for farmers, but it is substantially less specific. It omits the key scope and target population in the ground-truth: agriculture-specific job creation, youth programs, aspiring farmers of color, and the regenerative agriculture context. It also lacks any clear commitment or mechanism beyond the vague phrase 'strengthen workforce development.' With no source excerpt provided, this cannot be confirmed further, but relative to the ground-truth it is an imprecise partial match rather than a full one."
Austin_US,74,87,"Achieve at least 50% citywide tree canopy cover by 2050, focusing on increasing canopy cover equitably.",Nature-Based Solutions,parent,"NS.G3: Achieve at least 50% citywide tree canopy cover by 2050, focusing on increasing canopy cover equitably.",Nature-Based Solutions,parent,1,0.8939,True,True,True,"The extracted policy matches the ground-truth exactly in target (at least 50% citywide tree canopy cover), deadline (by 2050), scope (citywide), and equity focus (increasing canopy cover equitably). It preserves the same commitment and specificity with no added or missing elements."
Austin_US,76,89,"Promote no net loss of tree canopy on private developments by increasing tree protections and landscape regulations and/or creating incentives, including extending protections to extraterritorial jurisdiction.",Nature-Based Solutions,sub,NS.G3-S2: Promote tree protections and landscape regulations.,Nature-Based Solutions,sub,0,0.6864,False,True,True,"The extracted policy matches the general direction of the ground-truth by mentioning tree protections and landscape regulations. However, it omits key specificity and scope: the 'no net loss of tree canopy' objective, applicability to private developments, the possibility of incentives, and extending protections to extraterritorial jurisdiction. Because it captures only part of the commitment and lacks important details, it is directionally correct but too vague for a full match."
Austin_US,77,90,Increase City funding for community tree-planting programs focused on low-income communities and communities of color.,Nature-Based Solutions,sub,NS.G3-S3: Increase community tree planting.,Nature-Based Solutions,sub,0,0.6283,False,True,True,"The extracted policy is directionally aligned with the ground-truth because it identifies increasing community tree planting. However, it omits key specificity and scope from the ground-truth: there is no mention of increasing City funding, no focus on low-income communities and communities of color, and no implementation detail beyond the general activity. With no source excerpt provided, this cannot be confirmed further, so it is only a partial, vague match rather than a full one."
Austin_US,78,91,"Create a tree, water, and soil management/resilience guide for private property and provide City technical and financial assistance for tree planting/care for residents and small businesses in low-income communities and communities of color.",Nature-Based Solutions,sub,NS.G3-S4: Promote tree health and resilience on private and non-City public lands.,Nature-Based Solutions,sub,0,0.6712,False,True,True,"The extracted policy is directionally aligned with the ground-truth on improving tree health/resilience on private land, but it is substantially less specific. It omits key delivery mechanisms and scope from the ground-truth: creating a tree/water/soil management guide, providing City technical and financial assistance, and targeting residents and small businesses in low-income communities and communities of color. It also broadens scope to 'non-City public lands' without support from the ground-truth. Because the general intent matches but important targets, beneficiaries, and mechanisms are missing, this is only a partial match."
Austin_US,79,92,Include all City-owned lands under a management plan that results in neutral or negative carbon emissions and maximizes community co-benefits by 2030.,Nature-Based Solutions,parent,NS.G4: Include all City-owned lands under a management plan that results in neutral or negative carbon emissions and maximizes community benefits.,Nature-Based Solutions,parent,1,0.8796,True,True,True,"The extracted policy matches the ground-truth almost exactly in scope, mechanism, and commitment: it covers all City-owned lands under a management plan aimed at neutral or negative carbon emissions while maximizing community co-benefits. The only omission is the deadline 'by 2030.' Because the core commitment and delivery mechanism are captured correctly and the wording is otherwise highly specific and aligned, this is a strong match."
Austin_US,80,93,"Prioritize carbon neutrality and community benefits in public land acquisition and management, including completing land management database and using carbon-negative/low-carbon practices.",Nature-Based Solutions,sub,NS.G4-S1: Prioritize carbon neutrality for public lands.,Nature-Based Solutions,sub,0,0.7125,False,True,True,"The extracted policy matches the general intent of the ground-truth by prioritizing carbon neutrality in relation to public lands. However, it is less specific and incomplete: it omits the community benefits component, the public land acquisition and management scope, and the implementation details such as completing the land management database and using carbon-negative/low-carbon practices. With no source excerpt provided, this is best graded as directionally correct but too vague."
Austin_US,81,94,"Reclaim underused public spaces to increase access and ecological function through green infrastructure, and conduct a study to convert an ambitious percentage of City surface parking lots to functional green uses where feasible.",Adaptation,sub,NS.G4-S2: Reclaim public space and prioritize green infrastructure.,Nature-Based Solutions,sub,0,0.6999,False,True,False,"The extracted policy matches the general direction of the ground truth by mentioning reclaiming public space and prioritizing green infrastructure. However, it is significantly less specific: it omits the focus on underused public spaces, increasing access and ecological function, and especially the commitment to conduct a study on converting an ambitious percentage of City surface parking lots to functional green uses where feasible. Because the core intent is partially captured but key mechanisms and specificity are missing, the match is only partial."
Austin_US,82,95,"Promote community stewardship of neighborhood public lands by establishing Neighborhood Stewardship Councils/Ambassadors, providing paid training/compensation, and creating grant assistance and staff positions to support excluded communities.",Adaptation,sub,NS.G4-S3: Promote community stewardship.,Nature-Based Solutions,sub,0,0.561,False,True,False,"The extracted policy matches the general direction of the ground-truth ('Promote community stewardship') but omits all key specifics: the mechanism (Neighborhood Stewardship Councils/Ambassadors), the paid training/compensation, and the grant assistance and staff support for excluded communities. With no source excerpt provided to verify wording, this is best graded as directionally correct but too vague and incomplete."
Austin_US,83,96,"Explore carbon farming via food forests and community gardens on public lands using low-carbon practices, including supporting local research in partnership with institutions and organizations serving low-income communities and communities of color.",Nature-Based Solutions,sub,NS.G4-S4: Promote carbon farming.,Nature-Based Solutions,sub,0,0.572,False,True,True,"The extracted policy is directionally aligned with the ground-truth because both concern carbon farming. However, it is far less specific and omits the core scope and mechanisms: food forests and community gardens on public lands, use of low-carbon practices, and support for local research in partnership with institutions and organizations serving low-income communities and communities of color. It also weakens the commitment framing from 'explore carbon farming via...' to the very general 'Promote carbon farming.' Without those details, the match is only partial."
